id,firstname,age,profession,city,salary
41,Sadman,27,Banker,Chittagong,32000
42,Shakil,29,Government Officer,Rajshahi,40000
43,Riaz,35,Banker,Dhaka,35000
44,Hasib,33,Architect,Barisal,30000
45,Nasim,50,Accountant,Sylhet,50000
46,Abir,55,Researcher,Dhaka,35000
47,Yeahia,31,Civil Engineer,Dhaka,40000
48,Alvi,46,Dentist,Dhaka,50000
49,Jahangir,28,Intern,Sylhet,35000
50,Miran,51,Chef,Dhaka,30000
51,Shanto,42,Banker,Barisal,50000
52,Mushfik,35,Architect,Dhaka,35000
53,Kuddus,41,Accountant,Dhaka,32000
54,Sakib,44,Intern,Sylhet,40000
55,Momin,33,Chef,Dhaka,50000
56,Mamun,50,Software Engineer,Khulna,50000
57,Tahsin,55,Sales Manager,Chittagong,32000
58,Robiul,31,Sales Manager,Sylhet,40000
59,Mustakim,46,Chef,Dhaka,35000
60,Mehedi,32,Banker,Barisal,35000
